Algoritmos	oprimeira	segunda	Tempo de Execucao
NSGAII	-13.200788139952108	-0.00585047614483436	300
NSGAII	-7.053974514879891	-3.065321109885627	300
